Category	Prop._SNPs	Prop._h2	Prop._h2_std_error	Enrichment	Enrichment_std_error	Enrichment_p	Coefficient	Coefficient_std_error	Coefficient_z-score
L4_RORB_dev-2.lvl2.100UP_100DOWN_vs_L4_RORB_LRRK1.lvl2.100UP_100DOWN	0.19245837931851842	0.24669017283042582	0.010849910407997827	1.281784527667428	0.056375359942324135	3.97173783118512e-06	7.194066089580641e-09	3.6854466500646037e-09	1.9520201410199585
L4_RORB_dev-2.lvl2.100UP_100DOWN_vs_L4_RORB_MET.lvl2.100UP_100DOWN	0.19245837931851842	0.24724374035856034	0.010756344791550987	1.284660825026341	0.05588919967859257	2.7088916094925873e-06	8.999023099629953e-09	3.4742858714936946e-09	2.5901792289075556
L4_RORB_LRRK1.lvl2.100UP_100DOWN_vs_L4_RORB_dev-2.lvl2.100UP_100DOWN	0.19493105283720832	0.26829530536491264	0.013149774551582918	1.3763600076021372	0.06745859297525374	3.046109724577038e-07	1.5977539510716386e-08	4.318801692064099e-09	3.6995307147525427
L4_RORB_LRRK1.lvl2.100UP_100DOWN_vs_L4_RORB_MET.lvl2.100UP_100DOWN	0.19493105283720832	0.26848960461454335	0.013043406802349578	1.3773567664396988	0.06691292440328861	2.4642884759418484e-07	1.5653250352594234e-08	4.485071194741609e-09	3.4900784564905973
L4_RORB_MET.lvl2.100UP_100DOWN_vs_L4_RORB_dev-2.lvl2.100UP_100DOWN	0.18029832789227732	0.2313524421165024	0.01149260062261895	1.2831646572714104	0.06374213647441825	3.562681513496742e-05	1.0267616718230771e-08	3.869524978366598e-09	2.653456632437848
L4_RORB_MET.lvl2.100UP_100DOWN_vs_L4_RORB_LRRK1.lvl2.100UP_100DOWN	0.18029832789227732	0.23073585224656282	0.011502166633798938	1.279744825944367	0.06379519304622241	4.5125300079522536e-05	5.3528963068509465e-09	4.201468624131201e-09	1.274053619276484
