Category	Prop._SNPs	Prop._h2	Prop._h2_std_error	Enrichment	Enrichment_std_error	Enrichment_p	Coefficient	Coefficient_std_error	Coefficient_z-score
L4_RORB_dev-2.lvl2.100UP_100DOWN_vs_L4_RORB_LRRK1.lvl2.100UP_100DOWN_and_L4_RORB_dev-fetal.lvl2.100UP_100DOWN	0.19235906977149914	0.24356579603666018	0.010511627582423428	1.266203856807942	0.054645864085899644	5.948097405372206e-06	3.8325371377578634e-09	3.522190495815695e-09	1.0881118276569242
L4_RORB_LRRK1.lvl2.100UP_100DOWN_vs_L4_RORB_dev-2.lvl2.100UP_100DOWN_and_L4_RORB_dev-fetal.lvl2.100UP_100DOWN	0.19351186572946635	0.265661292767551	0.012562133307643891	1.3728423927189617	0.06491660477919228	1.3992988171823328e-07	1.610512673202336e-08	4.190693197636476e-09	3.8430698627870323
L4_RORB_dev-fetal.lvl2.100UP_100DOWN_vs_L4_RORB_dev-2.lvl2.100UP_100DOWN_and_L4_RORB_LRRK1.lvl2.100UP_100DOWN	0.1471099831425399	0.2017250004108614	0.011611649024805186	1.3712529639501292	0.07893175416622991	6.646122383770863e-06	1.2201040859953704e-08	4.698477551365639e-09	2.5968073118509216
